Country Code,Short Name,Table Name,Long Name,2-alpha code,Currency Unit,Special Notes,Region,Income Group,International memberships,WB-2 code,National accounts base year,National accounts reference year,SNA price valuation,Lending category,Other groups,System of National Accounts,Alternative conversion factor,PPP survey year,Balance of Payments Manual in use,External debt Reporting status,System of trade,Government Accounting concept,IMF data dissemination standard,Latest population census,Latest household survey,Source of most recent Income and expenditure data,Vital registration complete,Latest agricultural census,Latest industrial data,Latest trade data,Latest water withdrawal data
AFG,Afghanistan,Afghanistan,Islamic State of Afghanistan,AF,Afghan afghani,Fiscal year end: March 20; reporting period for national accounts data: FY.,South Asia,Low income,,AF,2002/2003,,VAB,IDA,HIPC,,,,,Actual,General,Consolidated,GDDS,1979,"MICS, 2003",,,,,2008,2000
ALB,Albania,Albania,Republic of Albania,AL,Albanian lek,,Europe & Central Asia,Upper middle income,,AL,,1996,VAB,IBRD,,1993,,2005,BPM5,Actual,General,Consolidated,GDDS,2001,"MICS, 2005","LSMS, 2005",Yes,1998,2005,2008,2000
DZA,Algeria,Algeria,People's Democratic Republic of Algeria,DZ,Algerian dinar,,Middle East & North Africa,Upper middle income,,DZ,1980,,VAB,IBRD,,,,,BPM5,Actual,Special,Budgetary,GDDS,2008,"MICS, 2006","IHS, 1995",,2001,,2007,2000
ASM,American Samoa,American Samoa,American Samoa,AS,U.S. dollar,,East Asia & Pacific,Upper middle income,,AS,,,,,,,,,,,,,,2000,,,Yes,,,,
ADO,Andorra,Andorra,Principality of Andorra,AD,Euro,,Europe & Central Asia,High income: nonOECD,,AD,,,,,,,,,,,General,,,Register based,,,Yes,,,2006,
AGO,Angola,Angola,People's Republic of Angola,AO,Angolan kwanza,,Sub-Saharan Africa,Lower middle income,,AO,1997,,VAP,IDA,,,1991-96,2005,BPM5,Actual,Special,,GDDS,1970,"MICS, 2001, MIS, 2006/07","IHS, 2000",,1964-65,,1991,2000
ATG,Antigua and Barbuda,Antigua and Barbuda,Antigua and Barbuda,AG,East Caribbean dollar,The government has revised national accounts data for 1998-2008.,Latin America & Caribbean,Upper middle income,,AG,1990,,VAB,IBRD,,,,,BPM5,,General,,GDDS,2001,,,Yes,,,2007,1990
ARG,Argentina,Argentina,Argentine Republic,AR,Argentine peso,,Latin America & Caribbean,Upper middle income,,AR,1993,,VAB,IBRD,,1993,1971-84,2005,BPM5,Actual,Special,Consolidated,SDDS,2001,,"IHS, 2006",Yes,2002,2001,2008,2000
ARM,Armenia,Armenia,Republic of Armenia,AM,Armenian dram,,Europe & Central Asia,Lower middle income,,AM,,1996,VAB,Blend,,1993,1990-95,2005,BPM5,Actual,Special,Consolidated,SDDS,2001,"DHS, 2005","IHS, 2007",Yes,,,2008,2000
ABW,Aruba,Aruba,Aruba,AW,Aruban florin,,Latin America & Caribbean,High income: nonOECD,,AW,1995,,,,,,,,,,Special,,,2000,,,,,,2008,
AUS,Australia,Australia,Commonwealth of Australia,AU,Australian dollar,Fiscal year end: June 30; reporting period for national accounts data: FY.,East Asia & Pacific,High income: OECD,,AU,,2007,VAB,,,1993,,2005,BPM5,,General,Consolidated,SDDS,2006,,"ES/BS, 1994",Yes,2001,2004,2008,2000
AUT,Austria,Austria,Republic of Austria,AT,Euro,"A simple multiplier is used to convert the national currencies of EMU members to euros. The following irrevocable euro conversion rate was adopted by the EU Council on January 1, 1999: 1 euro = 13.7603 Austrian schilling. Please note that historical data before 1999 are not actual euros and are not comparable or suitable for aggregation across countries.",Europe & Central Asia,High income: OECD,,AT,2000,,VAB,,Euro area,1993,,2005,BPM5,,Special,Consolidated,SDDS,2001,,IS 2000,Yes,1999-2000,2004,2008,2000
AZE,Azerbaijan,Azerbaijan,Republic of Azerbaijan,AZ,New Azeri manat,,Europe & Central Asia,Upper middle income,,AZ,,2003,VAB,Blend,,1993,1992-95,2005,BPM5,Actual,General,Consolidated,GDDS,2009,"DHS, 2006","ES/BS, 2005",Yes,,2005,2008,2005
BHR,Bahrain,Bahrain,Kingdom of Bahrain,BH,Bahraini dinar,,Middle East & North Africa,High income: nonOECD,,BH,1985,,VAP,,,,,2005,BPM5,,General,Consolidated,GDDS,2001,,,Yes,,,2007,2003
BGD,Bangladesh,Bangladesh,People's Republic of Bangladesh,BD,Bangladeshi taka,Fiscal year end: June 30; reporting period for national accounts data: FY.,South Asia,Low income,,BD,1995/1996,,VAB,IDA,,1993,,2005,BPM5,Preliminary,General,Consolidated,GDDS,2001,"DHS, 2007","IHS, 2005",,2005,1997,2007,2000
BRB,Barbados,Barbados,Barbados,BB,Barbados dollar,,Latin America & Caribbean,High income: nonOECD,,BB,1974,,VAB,,,,,,BPM5,,General,Consolidated,GDDS,2000,,,Yes,,,2008,2000
BLR,Belarus,Belarus,Republic of Belarus,BY,Belarusian rubel,,Europe & Central Asia,Upper middle income,,BY,,2000,VAB,IBRD,,1993,1990-95,2005,BPM5,Actual,General,Consolidated,SDDS,1999,"MICS, 2005",ES/BS 2007,Yes,1994,,2008,2000
BEL,Belgium,Belgium,Kingdom of Belgium,BE,Euro,"A simple multiplier is used to convert the national currencies of EMU members to euros. The following irrevocable euro conversion rate was adopted by the EU Council on January 1, 1999: 1 euro = 40.3399 Belgian franc. Please note that historical data before 1999 are not actual euros and are not comparable or suitable for aggregation across countries.",Europe & Central Asia,High income: OECD,,BE,2000,,VAB,,Euro area,1993,,2005,BPM5,,Special,Consolidated,SDDS,2001,,"IHS, 2000",Yes,1999-2000 (conducted annually),2004,2008,
BLZ,Belize,Belize,Belize,BZ,Belize dollar,The government has revised national accounts data for 1991-2008.,Latin America & Caribbean,Lower middle income,,BZ,2000,,VAB,IBRD,,1993,,,BPM5,Actual,General,Budgetary,GDDS,2000,"MICS, 2006",ES/BS 1995,,,,2008,2000
BEN,Benin,Benin,Republic of Benin,BJ,CFA franc,,Sub-Saharan Africa,Low income,,BJ,1985,,VAP,IDA,HIPC,,1992,2005,BPM5,Preliminary,Special,Budgetary,GDDS,2002,"DHS, 2006","CWIQ, 2003",,1992,,2005,2001
BMU,Bermuda,Bermuda,The Bermudas,BM,Bermuda dollar,The Statistical Office has revised national accounts data for 1996-2007.,North America,High income: nonOECD,,BM,1996,,VAB,,,,,,,,,,,2000,,,Yes,,,2008,
BTN,Bhutan,Bhutan,Kingdom of Bhutan,BT,Bhutanese ngultrum,,South Asia,Lower middle income,,BT,2000,,VAB,IDA,,1993,,2005,,Actual,,Consolidated,,2005,,"IHS, 2003",,2000,,2008,2000
BOL,Bolivia,Bolivia,Plurinational State of Bolivia,BO,Bolivian Boliviano,,Latin America & Caribbean,Lower middle income,,BO,1990,,VAB,Blend,HIPC,1993,1960-85,2005,BPM5,Actual,Special,Consolidated,GDDS,2001,"DHS, 2008","IHS, 2007",,1984-1988,2000,2008,2000
BIH,Bosnia and Herzegovina,Bosnia and Herzegovina,Bosnia and Herzegovina,BA,Bosnia and Herzegovina convertible mark,,Europe & Central Asia,Upper middle income,,BA,,1996,VAB,Blend,,1993,,2005,BPM5,Actual,General,Consolidated,,1991,"MICS, 2006","LSMS, 2007",Yes,,,2008,
BWA,Botswana,Botswana,Republic of Botswana,BW,Botswana pula,Fiscal year end: June 30; reporting period for national accounts data: FY.,Sub-Saharan Africa,Upper middle income,,BW,1993/1994,,VAB,IBRD,,1993,,2005,BPM5,Preliminary,General,Budgetary,GDDS,2001,"MICS, 2000","ES/BS, 1993/94",,1993,2005,2008,2000
BRA,Brazil,Brazil,Federative Republic of Brazil,BR,Brazilian real,,Latin America & Caribbean,Upper middle income,,BR,2000,,VAB,IBRD,,1993,,2005,BPM5,Actual,Special,Consolidated,SDDS,2000,"DHS, 1996","LFS, 2007",,1996,2004,2008,2000
BRN,Brunei,Brunei Darussalam,Brunei Darussalam,BN,Brunei dollar,,East Asia & Pacific,High income: nonOECD,,BN,2000,,VAP,,,,,2005,,,General,,GDDS,2001,,,Yes,,,2006,
BGR,Bulgaria,Bulgaria,Republic of Bulgaria,BG,Bulgarian lev,,Europe & Central Asia,Upper middle income,,BG,,2002,VAB,IBRD,,1993,"1978-89, 1991-92",2005,BPM5,Actual,General,Consolidated,SDDS,2001,,"ES/BS, 2003",Yes,,2005,2008,2000
BFA,Burkina Faso,Burkina Faso,Burkina Faso,BF,CFA franc,,Sub-Saharan Africa,Low income,,BF,1999,,VAB,IDA,HIPC,,1992-93,2005,BPM4,Actual,General,Budgetary,GDDS,2006,"MICS, 2006","CWIQ, 2003",,1993,,2005,2000
BDI,Burundi,Burundi,Republic of Burundi,BI,Burundi franc,,Sub-Saharan Africa,Low income,,BI,1980,,VAB,IDA,HIPC,,,2005,BPM5,Actual,Special,Consolidated,,1990,"MICS, 2005","CWIQ, 2006",,,,2008,2000
KHM,Cambodia,Cambodia,Kingdom of Cambodia,KH,Cambodian riel,,East Asia & Pacific,Low income,,KH,2000,,VAB,IDA,,,,2005,BPM5,Actual,General,Consolidated,GDDS,2008,"DHS, 2005","IHS, 2007",,,1999,2004,2000
CMR,Cameroon,Cameroon,Republic of Cameroon,CM,CFA franc,,Sub-Saharan Africa,Lower middle income,,CM,2000,,VAB,IDA,HIPC,1993,,2005,BPM5,Actual,Special,Consolidated,GDDS,1987,"MICS, 2006","PS, 2001",,1984,,2006,2000
CAN,Canada,Canada,Canada,CA,Canadian dollar,Fiscal year end: March 31; reporting period for national accounts data: CY.,North America,High income: OECD,,CA,2000,,VAB,,,1993,,2005,BPM5,,General,Consolidated,SDDS,2006,,"LFS, 2000",Yes,1996/2001,2001,2008,2000
CPV,Cape Verde,Cape Verde,Republic of Cape Verde,CV,Cape Verde escudo,,Sub-Saharan Africa,Lower middle income,,CV,1980,,VAP,Blend,,,,2005,BPM5,Actual,Special,,GDDS,2000,,"ES/BS, 2001",Yes,2004,,2008,
CYM,Cayman Islands,Cayman Islands,Cayman Islands,KY,Cayman Islands dollar,,Latin America & Caribbean,High income: nonOECD,,KY,,,,,,,,,,,,,,1999,,,Yes,,,,
CAF,Central African Republic,Central African Republic,Central African Republic,CF,CFA franc,,Sub-Saharan Africa,Low income,,CF,2000,,VAB,IDA,HIPC,,,2005,BPM4,Preliminary,Special,Budgetary,GDDS,2003,"MICS, 2006","PS, 2003",,1985,,2005,2000
TCD,Chad,Chad,Republic of Chad,TD,CFA franc,,Sub-Saharan Africa,Low income,,TD,1995,,VAB,IDA,HIPC,1993,,2005,BPM5,Actual,Special,,GDDS,1993,"DHS, 2004","PS, 2002-03",,,,1996,2000
CHI,Channel Islands,Channel Islands,Channel Islands,,Jersey pound and Guernsey pound ,,Europe & Central Asia,High income: nonOECD,,,2007 and 2003,2007,VAB,,,1993,,,,,,,,2001,,,Yes,,,,
CHL,Chile,Chile,Republic of Chile,CL,Chilean peso,,Latin America & Caribbean,Upper middle income,,CL,2003,,VAB,IBRD,,1993,,2005,BPM5,Actual,Special,Consolidated,SDDS,2002,,"IHS, 2006",Yes,1997,2005,2008,2000
CHN,China,China,People's Republic of China,CN,Chinese yuan,"On 1 July 1997 China resumed its exercise of sovereignty over Hong Kong; and on 20 December 1999 China resumed its exercise of sovereignty over Macao. Unless otherwise noted, data for China do not include data for Hong Kong SAR, China; Macao SAR, China; or Taiwan, China.",East Asia & Pacific,Lower middle income,,CN,2000,,VAP,IBRD,,1993,1978-93,2005,BPM5,Preliminary,Special,Budgetary,GDDS,2000,"NSS, 2007","IHS, 2005",,1997,2005,2008,2000
COL,Colombia,Colombia,Republic of Colombia,CO,Colombian peso,,Latin America & Caribbean,Upper middle income,,CO,2000,,VAB,IBRD,,1993,1992-94,2005,BPM5,Actual,Special,Budgetary,SDDS,2005,"DHS, 2005","IHS, 2006",,2001,2004,2008,2000
COM,Comoros,Comoros,Union of the Comoros,KM,Comorian franc,,Sub-Saharan Africa,Low income,,KM,1990,,VAP,IDA,HIPC,,,2005,,Preliminary,,,,2003,"MICS, 2000","IHS, 2004",,,,2007,
COG,Congo,"Congo, Rep.",Republic of Congo,CG,CFA franc,,Sub-Saharan Africa,Lower middle income,,CG,1978,,VAP,IDA,HIPC,,1993,2005,BPM5,Preliminary,Special,Consolidated,GDDS,1996,"DHS, 2005","CWIQ/ PS, 2005",,1985-1986,,1995,2002
CRI,Costa Rica,Costa Rica,Republic of Costa Rica,CR,Costa Rican colon,,Latin America & Caribbean,Upper middle income,,CR,1991,,VAB,IBRD,,1993,,,BPM5,Actual,Special,Consolidated,SDDS,2000,"RHS, 1993","LFS, 2007",Yes,1973,,2008,2000
CIV,Côte d'Ivoire,Côte d'Ivoire,Republic of Côte d'Ivoire,CI,CFA franc,,Sub-Saharan Africa,Lower middle income,,CI,1996,,VAP,IDA,HIPC,,,2005,BPM5,Actual,Special,Consolidated,GDDS,1998,"MICS, 2006","IHS, 2002",,2001,,2008,
HRV,Croatia,Croatia,Republic of Croatia,HR,Croatian kuna,The Statistical Bureau has revised main GDP aggregates for 1995-2005.,Europe & Central Asia,High income: nonOECD,,HR,,1997,VAB,IBRD,,1993,,2005,BPM5,,General,Consolidated,SDDS,2001,,"ES/BS, 2005",Yes,2003,,2008,
CUB,Cuba,Cuba,Republic of Cuba,CU,Cuban peso,,Latin America & Caribbean,Upper middle income,,CU,1984,,VAP,,,,,,,,General,,,2002,"MICS, 2006",,Yes,,,2006,2000
CYP,Cyprus,Cyprus,Republic of Cyprus,CY,Euro,"A simple multiplier is used to convert the national currencies of EMU members to euros. The following irrevocable euro conversion rate entered into force on January 1, 2008: 1 euro = 0.585274 Cyprus pounds. Please note that historical data are not actual euros and are not comparable or suitable for aggregation across countries.",Europe & Central Asia,High income: nonOECD,,CY,,2000,VAB,,Euro area,,,2005,BPM5,,General,Consolidated,SDDS,2001,,,Yes,,2005,2008,2000
CZE,Czech Republic,Czech Republic,Czech Republic,CZ,Czech koruna,,Europe & Central Asia,High income: OECD,,CZ,2000,1995,VAB,,,1993,,2005,BPM5,,General,Consolidated,SDDS,2001,"RHS, 1993",IS 1996,Yes,2000,2005,2008,2000
ZAR,Dem. Rep. Congo,"Congo, Dem. Rep.",Democratic Republic of the Congo,CD,Congolese franc,,Sub-Saharan Africa,Low income,,ZR,1987,,VAB,IDA,HIPC,1993,1999-01,2005,BPM5,Estimate,Special,Consolidated,GDDS,1984,DHS 2007,"1-2-3, 2005-06",,1990,,1986,2000
PRK,Dem. Rep. Korea,"Korea, Dem. Rep.",Democratic People's Republic of Korea,KP,Democratic People's Republic of Korean won,,East Asia & Pacific,Low income,,KP,,,,,,,,,BPM5,,,,,2008,"MICS, 2000",,,,,,2000
DNK,Denmark,Denmark,Kingdom of Denmark,DK,Danish krone,,Europe & Central Asia,High income: OECD,,DK,2000,,VAB,,,1993,,2005,BPM5,,General,Consolidated,SDDS,2001,,ITR 1997,Yes,1999-2000,2004,2008,2000
DJI,Djibouti,Djibouti,Republic of Djibouti,DJ,Djibouti franc,,Middle East & North Africa,Lower middle income,,DJ,1990,,VAB,IDA,,,,2005,,Actual,,,,2009,"MICS, 2006","PS, 2002",,,,1998,2000
DMA,Dominica,Dominica,Commonwealth of Dominica,DM,East Caribbean dollar,,Latin America & Caribbean,Upper middle income,,DM,1990,,VAB,Blend,,1993,,,BPM5,Actual,General,,GDDS,2001,,,Yes,,,2008,
DOM,Dominican Republic,Dominican Republic,Dominican Republic,DO,Dominican peso,,Latin America & Caribbean,Upper middle income,,DO,1991,,VAB,IBRD,,,,,BPM5,Actual,General,Consolidated,GDDS,2002,"DHS, 2007","IHS, 2005",,1971,,2008,2000
EAS,East Asia & Pacific (all income levels),East Asia & Pacific (all income levels),East Asia & Pacific (all income levels),,,East Asia and Pacific regional aggregate (including high-income economies).,,,,,,,,,,,,,,,,,,,,,,,,,
EAP,East Asia & Pacific (developing only),East Asia & Pacific,East Asia & Pacific (developing only),,,East Asia and Pacific regional aggregate (does not include high-income economies).,,,,,,,,,,,,,,,,,,,,,,,,,
ECU,Ecuador,Ecuador,Republic of Ecuador,EC,U.S. dollar,,Latin America & Caribbean,Lower middle income,,EC,2000,,VAB,IBRD,,1993,,2005,BPM5,Actual,Special,Budgetary,SDDS,2001,"RHS, 2004","LFS, 2005",,1999-2000,2004,2008,2000
EGY,Egypt,"Egypt, Arab Rep.",Arab Republic of Egypt,EG,Egyptian pound,Fiscal year end: June 30; reporting period for national accounts data: FY.,Middle East & North Africa,Lower middle income,,EG,1991/1992,,VAB,IBRD,,,,2005,BPM5,Actual,Special,Budgetary,SDDS,2006,"DHS, 2008","ES/BS, 2004-05",Yes,1999-2000,2001,2008,2000
SLV,El Salvador,El Salvador,Republic of El Salvador,SV,U.S. dollar,,Latin America & Caribbean,Lower middle income,,SV,1990,,VAB,IBRD,,,,,BPM5,Actual,Special,Consolidated,SDDS,2007,"RHS, 2008","IHS, 2007",Yes,1970-71,,2008,2000
GNQ,Equatorial Guinea,Equatorial Guinea,Republic of Equatorial Guinea,GQ,CFA franc,,Sub-Saharan Africa,High income: nonOECD,,GQ,2000,,VAB,IBRD,,,1965-84,2005,,,,,,2002,,,,,,,2000
ERI,Eritrea,Eritrea,State of Eritrea,ER,Eritrean nakfa,,Sub-Saharan Africa,Low income,,ER,1992,,VAB,IDA,HIPC,,,,BPM4,Actual,General,,,1984,"DHS, 2002",,,,2005,2003,2004
EST,Estonia,Estonia,Republic of Estonia,EE,Estonian kroon,,Europe & Central Asia,High income: nonOECD,,EE,2000,,VAB,,,1993,1987-95,2005,BPM5,,General,Consolidated,SDDS,2000,,"ES/BS, 2004",Yes,2001,2005,2008,2000
ETH,Ethiopia,Ethiopia,Federal Democratic Republic of Ethiopia,ET,Ethiopian birr,Fiscal year end: July 7; reporting period for national accounts data: FY.,Sub-Saharan Africa,Low income,,ET,1999/2000,,VAB,IDA,HIPC,1993,,2005,BPM5,Actual,General,Consolidated,GDDS,2007,"DHS, 2005","ES/BS, 2005",,2001-2002,2005,2008,2002
EMU,Euro area,Euro area,Euro area,,,Euro area aggregate.,,,,,,,,,,,,,,,,,,,,,,,,,
ECS,Europe & Central Asia (all income levels),Europe & Central Asia (all income levels),Europe & Central Asia (all income levels),,,Europe and Central Asia regional aggregate (including high-income economies).,,,,,,,,,,,,,,,,,,,,,,,,,
ECA,Europe & Central Asia (developing only),Europe & Central Asia,Europe & Central Asia (developing only),,,Europe and Central Asia regional aggregate (does not include high-income economies).,,,,,,,,,,,,,,,,,,,,,,,,,
FRO,Faeroe Islands,Faeroe Islands,Faeroe Islands,FO,Danish krone,,Europe & Central Asia,High income: nonOECD,,FO,,,VAB,,,,,,BPM5,,General,,,Register based,,,,,,2005,
FJI,Fiji,Fiji,Republic of Fiji,FJ,Fijian dollar,,East Asia & Pacific,Upper middle income,,FJ,1995,,VAB,IBRD,,,,2005,BPM4,Actual,General,Budgetary,GDDS,2007,,,Yes,,2003,2007,2000
FIN,Finland,Finland,Republic of Finland,FI,Euro,"A simple multiplier is used to convert the national currencies of EMU members to euros. The following irrevocable euro conversion rate was adopted by the EU Council on January 1, 1999: 1 euro = 5.94573 Finnish markka. Please note that historical data before 1999 are not actual euros and are not comparable or suitable for aggregation across countries.",Europe & Central Asia,High income: OECD,,FI,2000,,VAB,,Euro area,1993,,2005,BPM5,,General,Consolidated,SDDS,2000,,"IS, 2000",Yes,1999-2000,2004,2008,2000
FRA,France,France,French Republic,FR,Euro,"A simple multiplier is used to convert the national currencies of EMU members to euros. The following irrevocable euro conversion rate was adopted by the EU Council on January 1, 1999: 1 euro = 6.55957 French franc. Please note that historical data before 1999 are not actual euros and are not comparable or suitable for aggregation across countries.",Europe & Central Asia,High income: OECD,,FR,,2000,VAB,,Euro area,1993,,2005,BPM5,,Special,Consolidated,SDDS,2006 (rolling),,"ES/BS, 1994/95",Yes,1999-2000,2004,2008,2000
PYF,French Polynesia,French Polynesia,French Polynesia,PF,CFP franc,,East Asia & Pacific,High income: nonOECD,,PF,,,,,,,,,,,General,,,2007,,,Yes,,,2008,
GAB,Gabon,Gabon,Gabonese Republic,GA,CFA franc,,Sub-Saharan Africa,Upper middle income,,GA,1991,,VAP,IBRD,,,1993,2005,BPM5,Preliminary,Special,,GDDS,2003,"DHS, 2000","CWIQ/ IHS, 2005",,1974-75,,2006,2000
GEO,Georgia,Georgia,Georgia,GE,Georgian lari,,Europe & Central Asia,Lower middle income,,GE,,1996,VAB,Blend,,1993,1990-95,2005,BPM5,Actual,General,Consolidated,GDDS,2002,"MICS, 2005, RHS, 2005","IHS, 2007",Yes,2004,2005,2008,2005
DEU,Germany,Germany,Federal Republic of Germany,DE,Euro,"A simple multiplier is used to convert the national currencies of EMU members to euros. The following irrevocable euro conversion rate was adopted by the EU Council on January 1, 1999: 1 euro = 1.95583 German mark. Please note that historical data before 1999 are not actual euros and are not comparable or suitable for aggregation across countries.",Europe & Central Asia,High income: OECD,,DE,2000,,VAB,,Euro area,1993,,2005,BPM5,,Special,Consolidated,SDDS,2001,,"IHS, 2000",Yes,1999-2000,2004,2008,2000
GHA,Ghana,Ghana,Republic of Ghana,GH,New Ghanaian cedi,,Sub-Saharan Africa,Low income,,GH,1975,,VAP,IDA,HIPC,,1973-87,2005,BPM5,Actual,General,Budgetary,GDDS,2000,"DHS, 2008","LSMS, 2006",,1984,2002,2008,2000
GRC,Greece,Greece,Hellenic Republic,GR,Euro,"A simple multiplier is used to convert the national currencies of EMU members to euros. The following irrevocable euro conversion rate was adopted by the EU Council on January 1, 1999: 1 euro = 340.75 Greek drachma. Please note that historical data before 1999 are not actual euros and are not comparable or suitable for aggregation across countries.",Europe & Central Asia,High income: OECD,,GR,,2000,VAB,,Euro area,,,2005,BPM5,,Special,Consolidated,SDDS,2001,,"IHS, 2000",Yes,1999-2000,2003,2008,2000
GRL,Greenland,Greenland,Greenland,GL,Danish krone,,Europe & Central Asia,High income: nonOECD,,GL,,,,,,,,,,,General,,,Register based,,,Yes,,,2007,
GRD,Grenada,Grenada,Grenada,GD,East Caribbean dollar,,Latin America & Caribbean,Upper middle income,,GD,1990,,VAB,Blend,,,,,BPM5,Actual,General,Budgetary,GDDS,2001,,,,,,2008,
GUM,Guam,Guam,Guam,GU,U.S. dollar,,East Asia & Pacific,High income: nonOECD,,GU,,,,,,,,,,,,,,2000,,,Yes,,,,
GTM,Guatemala,Guatemala,Republic of Guatemala,GT,Guatemalan quetzal,The government has revised national accounts data to conform to the 1993 SNA methodology. The new base year is 2001.,Latin America & Caribbean,Lower middle income,,GT,2001,,VAB,IBRD,,1993,,,BPM5,Actual,Special,Budgetary,GDDS,2002,"RHS, 2002","LSMS, 2006",Yes,2003,,2008,2000
GIN,Guinea,Guinea,Republic of Guinea,GN,Guinean franc,,Sub-Saharan Africa,Low income,,GN,1996,,VAB,IDA,HIPC,,,2005,BPM5,Estimate,Special,Consolidated,GDDS,1996,"DHS, 2005","CWIQ/, 2003",,2000-2001,,2008,2000
GNB,Guinea-Bissau,Guinea-Bissau,Republic of Guinea-Bissau,GW,CFA franc,,Sub-Saharan Africa,Low income,,GW,1986,,VAB,IDA,HIPC,,,2005,BPM5,Actual,General,,GDDS,2009,"MICS, 2006","CWIQ, 2002",,1988,,2005,2000
GUY,Guyana,Guyana,Republic of Guyana,GY,Guyana dollar,,Latin America & Caribbean,Lower middle income,,GY,1988,,VAB,IDA,HIPC,,,,BPM5,Actual,Special,,,2002,"MICS, 2006","IHS, 1998",,,,2008,2000
HTI,Haiti,Haiti,Republic of Haiti,HT,Haitian gourde,Fiscal year end: September 30; reporting period for national accounts data: FY. The government has revised national accounts data following changes in the methodology. Current price series since 1991 and constant price series since 1996 have been revised. The new base year is 1986/87.,Latin America & Caribbean,Low income,,HT,1986/1987,,VAB,IDA,HIPC,,1991,,BPM5,Preliminary,General,,,2003,"DHS, 2005/06","IHS, 2001",,1971,,1997,2000
HPC,Heavily indebted poor countries (HIPC),Heavily indebted poor countries (HIPC),Heavily indebted poor countries (HIPC),,,Heavily indebted poor countries aggregate.,,,,,,,,,,,,,,,,,,,,,,,,,
HIC,High income,High income,High income,,,"High income group aggregate. High-income economies are those in which 2009 GNI per capita was $12,196 or more.",,,,,,,,,,,,,,,,,,,,,,,,,
NOC,High income: nonOECD,High income: nonOECD,High income: nonOECD,,,"High income nonOECD aggregate. High-income economies are those in which 2009 GNI per capita was $12,196 or more.",,,,,,,,,,,,,,,,,,,,,,,,,
OEC,High income: OECD,High income: OECD,High income: OECD,,,"High income OECD member aggregate. High-income economies are those in which 2009 GNI per capita was $12,196 or more.",,,,,,,,,,,,,,,,,,,,,,,,,
HND,Honduras,Honduras,Republic of Honduras,HN,Honduran lempira,,Latin America & Caribbean,Lower middle income,,HN,2000,,VAB,IDA,HIPC,1993,1988-89,,BPM5,Actual,Special,Budgetary,GDDS,2001,"DHS, 2005/06","IHS, 2006",,1993,,2007,2000
HKG,"Hong Kong SAR, China","Hong Kong SAR, China",Hong Kong Special Administrative Region of the People's Republic of China,HK,Hong Kong dollar,"On 1 July 1997 China resumed its exercise of sovereignty over Hong Kong. Unless otherwise noted, data for China do not include data for Hong Kong SAR, China; Macao SAR, China; or Taiwan, China.",East Asia & Pacific,High income: nonOECD,,HK,2006,,VAB,,,1993,,2005,BPM5,,General,Consolidated,SDDS,2006,,,Yes,,,2008,
HUN,Hungary,Hungary,Republic of Hungary,HU,Hungarian forint,,Europe & Central Asia,High income: OECD,,HU,,2000,VAB,,,1993,,2005,BPM5,,Special,Consolidated,SDDS,2001,,"ES/BS, 2004",Yes,2000,2004,2008,2000
ISL,Iceland,Iceland,Republic of Iceland,IS,Iceland krona,,Europe & Central Asia,High income: OECD,,IS,2000,,VAB,,,,,2005,BPM5,,General,Consolidated,SDDS,Register based,,,Yes,,2004,2008,2000
IND,India,India,Republic of India,IN,Indian rupee,Fiscal year end: March 31; reporting period for national accounts data: FY.,South Asia,Lower middle income,,IN,1999/2000,,VAB,Blend,,1993,,2005,BPM5,Actual,General,Consolidated,SDDS,2001,"DHS, 2005/06","IHS, 2004/05",,1995-1996/2000-2001,2003,2008,2000
IDN,Indonesia,Indonesia,Republic of Indonesia,ID,Indonesian rupiah,Data for Indonesia include Timor-Leste through 1999 unless otherwise noted. Fiscal year end: March 31; reporting period for national accounts data: CY.,East Asia & Pacific,Lower middle income,,ID,2000,,VAP,IBRD,,,,2005,BPM5,Actual,Special,Consolidated,SDDS,2000,"DHS, 2007","IHS, 2007",,2003,2004,2008,2000
IRN,Iran,"Iran, Islamic Rep.",Islamic Republic of Iran,IR,Iranian rial,Fiscal year end: March 20; reporting period for national accounts data: FY.,Middle East & North Africa,Upper middle income,,IR,1997/1998,,VAB,IBRD,,,1980-02,2005,BPM5,Actual,General,Consolidated,,2006,"DHS, 2000","ES/BS, 2005",Yes,2003,2004,2006,2004
IRQ,Iraq,Iraq,Republic of Iraq,IQ,Iraqi dinar,,Middle East & North Africa,Lower middle income,,IQ,1997,,VAB,IBRD,,,"1997, 2004",2005,BPM5,,Special,,GDDS,1997,"MICS, 2006",,,1981,1996,2008,2000
IRL,Ireland,Ireland,Ireland,IE,Euro,"A simple multiplier is used to convert the national currencies of EMU members to euros. The following irrevocable euro conversion rate was adopted by the EU Council on January 1, 1999: 1 euro = 0.787564 Irish pound. Please note that historical data before 1999 are not actual euros and are not comparable or suitable for aggregation across countries.",Europe & Central Asia,High income: OECD,,IE,2000,,VAB,,Euro area,1993,,2005,BPM5,,General,Consolidated,SDDS,2006,,"IHS, 2000",Yes,2000,2004,2008,2000
IMY,Isle of Man,Isle of Man,Isle of Man,IM,Manx pound,,Europe & Central Asia,High income: nonOECD,,IM,2005,2003,,,,,,,,,,,,2006,,,Yes,,,,
ISR,Israel,Israel,State of Israel,IL,Israeli new shekel,,Middle East & North Africa,High income: OECD,,IL,2005,,VAP,,,1993,,2005,BPM5,,Special,Consolidated,SDDS,2008,,"ES/BS, 2001",Yes,1981,2004,2008,2004
ITA,Italy,Italy,Italian Republic,IT,Euro,"A simple multiplier is used to convert the national currencies of EMU members to euros. The following irrevocable euro conversion rate was adopted by the EU Council on January 1, 1999: 1 euro = 1936.27 Italian lira. Please note that historical data before 1999 are not actual euros and are not comparable or suitable for aggregation across countries.",Europe & Central Asia,High income: OECD,,IT,2000,,VAB,,Euro area,1993,,2005,BPM5,,Special,Consolidated,SDDS,2001,,"ES/BS, 2000",Yes,2000,2004,2008,2000
JAM,Jamaica,Jamaica,Jamaica,JM,Jamaican dollar,,Latin America & Caribbean,Upper middle income,,JM,2003,,VAB,IBRD,,,,,BPM5,Actual,General,Consolidated,GDDS,2001,MICS 2005,"LSMS, 2004",,1996,,2008,2000
JPN,Japan,Japan,Japan,JP,Japanese yen,Fiscal year end: March 31; reporting period for national accounts data: CY.,East Asia & Pacific,High income: OECD,,JP,2000,,VAB,,,,,2005,BPM5,,General,Consolidated,SDDS,2005,,"IS, 1993",Yes,2000,2004,2008,2000
JOR,Jordan,Jordan,Hashemite Kingdom of Jordan,JO,Jordanian dinar,,Middle East & North Africa,Lower middle income,,JO,1994,,VAB,IBRD,,,,2005,BPM5,Actual,General,Budgetary,SDDS,2004,"DHS, 2007","ES/BS, 2006",,1997,2005,2008,2005
KAZ,Kazakhstan,Kazakhstan,Republic of Kazakhstan,KZ,Kazakh tenge,,Europe & Central Asia,Upper middle income,,KZ,,1995,VAB,IBRD,,1993,1987-95,2005,BPM5,Actual,General,Consolidated,SDDS,1999,"MICS, 2006","ES/BS, 2007",Yes,,,2008,2000
KEN,Kenya,Kenya,Republic of Kenya,KE,Kenyan shilling,Fiscal year end: June 30; reporting period for national accounts data: CY.,Sub-Saharan Africa,Low income,,KE,2001,,VAB,IDA,,1993,,2005,BPM5,Actual,General,Budgetary,GDDS,1999,"DHS, 2003, SPA, 2004","IHS, 2005-06",,1977-1979,2005,2008,2003
KIR,Kiribati,Kiribati,Republic of Kiribati,KI,Australian dollar,The government statistical office has revised national accounts data for 1970-2008.,East Asia & Pacific,Lower middle income,,KI,1991,,VAB,IDA,,,,,,,General,,GDDS,2005,,,,,,2005,
KOR,Korea,"Korea, Rep.",Republic of Korea,KR,Korean won,,East Asia & Pacific,High income: OECD,,KR,2000,,VAB,IBRD,,1993,,2005,BPM5,,Special,Consolidated,SDDS,2005,,"ES/BS, 1998",Yes,2000,2005,2008,2000
KSV,Kosovo,Kosovo,Republic of Kosovo,,Euro,"Kosovo became a World Bank member on June 29, 2009. Since 1999, Kosovo has been a territory under international administration pursuant to UN Security Council Resolution 1244 (1999).",Europe & Central Asia,Lower middle income,,KV,,,,IDA,,,,,,,,,,1981,,,,,,,
KWT,Kuwait,Kuwait,State of Kuwait,KW,Kuwaiti dinar,Fiscal year end: June 30; reporting period for national accounts data: CY.,Middle East & North Africa,High income: nonOECD,,KW,1995,,VAP,,,,,2005,BPM5,,Special,Consolidated,GDDS,2005,"FHS, 1996",,Yes,1970,,2007,2002
KGZ,Kyrgyz Republic,Kyrgyz Republic,Kyrgyz Republic,KG,Kyrgyz som,,Europe & Central Asia,Low income,,KG,,1995,VAB,IDA,HIPC,1993,1990-95,2005,BPM5,Actual,General,Consolidated,SDDS,2009,MICS 2005/06,"ES/BS, 2007",Yes,2002,2004,2007,2000
LAO,Lao PDR,Lao PDR,Lao People's Democratic Republic,LA,Lao kip,,East Asia & Pacific,Low income,,LA,1990,,VAB,IDA,,,,2005,BPM5,Preliminary,General,,,2005,"MICS, 2006","ES/BS, 2002-03",,1998-1999,1998,1975,2000
LCN,Latin America & Caribbean (all income levels),Latin America & Caribbean (all income levels),Latin America & Caribbean (all income levels),,,Latin America and Caribbean regional aggregate (including high-income economies).,,,,,,,,,,,,,,,,,,,,,,,,,
LAC,Latin America & Caribbean (developing only),Latin America & Caribbean,Latin America & Caribbean (developing only),,,Latin America and Caribbean regional aggregate (does not include high-income economies).,,,,,,,,,,,,,,,,,,,,,,,,,
LVA,Latvia,Latvia,Republic of Latvia,LV,Latvian lats,,Europe & Central Asia,High income: nonOECD,,LV,2000,,VAB,,,1993,1987-95,2005,BPM5,Actual,Special,Consolidated,SDDS,2000,,"IHS, 2007",Yes,2001,2005,2008,2000
LDC,Least developed countries: UN classification,Least developed countries: UN classification,Least developed countries: UN classification,,,Least developed countries (UN classification) aggregate.,,,,,,,,,,,,,,,,,,,,,,,,,
LBN,Lebanon,Lebanon,Lebanese Republic,LB,Lebanese pound,The government has revised national accounts data for 1997-2007. The new base year is 1997.,Middle East & North Africa,Upper middle income,,LB,1997,,VAB,IBRD,,,,2005,BPM5,Actual,General,Budgetary,GDDS,1970,"MICS, 2000",,,1998-1999,1997,2008,2005
LSO,Lesotho,Lesotho,Kingdom of Lesotho,LS,Lesotho loti,Fiscal year end: March 31; reporting period for national accounts data: CY.,Sub-Saharan Africa,Lower middle income,,LS,1995,,VAB,IDA,,1993,,2005,BPM5,Actual,General,Consolidated,GDDS,2006,"DHS, 2004","ES/BS, 2002-03",,1999-2000,,2004,2000
LBR,Liberia,Liberia,Republic of Liberia,LR,Liberian dollar,,Sub-Saharan Africa,Low income,,LR,1992,,VAP,IDA,HIPC,,,2005,BPM5,Estimate,,,GDDS,2008,"DHS, 2007, MIS, 2008/09",CWIQ 2007,,,,1985,2000
LBY,Libya,Libya,Socialist People's Libyan Arab Jamahiriya,LY,Libyan dinar,,Middle East & North Africa,Upper middle income,,LY,1999,,VAB,IBRD,,,1986,,BPM5,,General,,GDDS,1995,"MICS, 2000",,,2001,,2004,2000
LIE,Liechtenstein,Liechtenstein,Principality of Liechtenstein,LI,Swiss franc,,Europe & Central Asia,High income: nonOECD,,LI,,,VAB,,,,,,,,Special,,,2000,,,Yes,,,,
LTU,Lithuania,Lithuania,Republic of Lithuania,LT,Lithuanian litas,,Europe & Central Asia,Upper middle income,,LT,2000,,VAB,,,1993,1990-95,2005,BPM5,Actual,General,Consolidated,SDDS,2001,,"ES/BS, 2004",Yes,2003,2005,2008,2000
LMY,Low & middle income,Low & middle income,Low & middle income,,,"Low and middle income group aggregate (all developing economies). Low- and middle-income economies are those in which 2009 GNI per capita was $12,195 or less.",,,,,,,,,,,,,,,,,,,,,,,,,
LIC,Low income,Low income,Low income,,,Low income group aggregate. Low-income economies are those in which 2009 GNI per capita was $995 or less.,,,,,,,,,,,,,,,,,,,,,,,,,
LMC,Lower middle income,Lower middle income,Lower middle income,,,"Lower middle income group aggregate. Lower-middle-income economies are those in which 2009 GNI per capita was between $996 and $3,945.",,,,,,,,,,,,,,,,,,,,,,,,,
LUX,Luxembourg,Luxembourg,Grand Duchy of Luxembourg,LU,Euro,"A simple multiplier is used to convert the national currencies of EMU members to euros. The following irrevocable euro conversion rate was adopted by the EU Council on January 1, 1999: 1 euro = 40.3399 Luxembourg franc. Please note that historical data before 1999 are not actual euros and are not comparable or suitable for aggregation across countries.",Europe & Central Asia,High income: OECD,,LU,,2000,VAB,,Euro area,,,2005,BPM5,,Special,Consolidated,SDDS,2001,,,Yes,1999-2000 (conducted annually),2004,2008,
MAC,"Macao SAR, China","Macao SAR, China",Macao Special Administrative Region of the People's Republic of China,MO,Macao pataca,"On 20 December 1999 China resumed its exercise of sovereignty over Macao. Unless otherwise noted, data for China do not include data for Hong Kong SAR, China; Macao SAR, China; or Taiwan, China.",East Asia & Pacific,High income: nonOECD,,MO,2002,,VAB,,,,,2005,BPM5,,General,Consolidated,GDDS,2006,,,Yes,,,2008,
MKD,Macedonia,"Macedonia, FYR",Former Yugoslav Republic of Macedonia,MK,Macedonian denar,,Europe & Central Asia,Upper middle income,,MK,1997,1995,VAB,IBRD,,1993,,2005,BPM5,Actual,General,,GDDS,2002,"MICS, 2005","ES/BS, 2006",Yes,1994,2000,2008,
MDG,Madagascar,Madagascar,Republic of Madagascar,MG,Malagasy ariary,,Sub-Saharan Africa,Low income,,MG,1984,,VAB,IDA,HIPC,,,2005,BPM5,Actual,Special,Consolidated,GDDS,1993,"DHS, 2003/04",PS 2005,,2004,2005,2008,2000
MWI,Malawi,Malawi,Republic of Malawi,MW,Malawi kwacha,Fiscal year end: March 31; reporting period for national accounts data: CY.,Sub-Saharan Africa,Low income,,MW,1994,,VAB,IDA,HIPC,,,2005,BPM5,Actual,General,,GDDS,2008,MICS 2006,"LSMS, 2004-05",,1993,2000,2008,2000
MYS,Malaysia,Malaysia,Malaysia,MY,Malaysian ringgit,,East Asia & Pacific,Upper middle income,,MY,2000,,VAP,IBRD,,,,2005,BPM5,Estimate,General,Consolidated,SDDS,2000,,"ES/BS, 2004",Yes,,2004,2008,2000
MDV,Maldives,Maldives,Republic of Maldives,MV,Maldivian rufiyaa,National accounts data for 2001-08 have been revised to reflect a change in source from the Asian Development Bank to the Maldives Planning Department.,South Asia,Lower middle income,,MV,1995,,VAB,IDA,,,,2005,BPM5,Actual,General,Consolidated,,2006,"MICS, 2001",,Yes,,,2008,
MLI,Mali,Mali,Republic of Mali,ML,CFA franc,,Sub-Saharan Africa,Low income,,ML,1987,,VAB,IDA,HIPC,,,2005,BPM4,Actual,General,Budgetary,GDDS,1998,"DHS, 2006","IHS, 2006",,1984,,2008,2000
MLT,Malta,Malta,Republic of Malta,MT,Euro (data reported in Maltese liri),,Middle East & North Africa,High income: nonOECD,,MT,1973,,VAB,,Euro area,,,2005,BPM5,,General,Consolidated,SDDS,2005,,,Yes,2001,2004,2008,2000
MHL,Marshall Islands,Marshall Islands,Republic of the Marshall Islands,MH,U.S. dollar,,East Asia & Pacific,Lower middle income,,MH,1991,,VAB,IBRD,,,,,,,,,,1999,,,,,,,
MRT,Mauritania,Mauritania,Islamic Republic of Mauritania,MR,Mauritanian ouguiya,,Sub-Saharan Africa,Low income,,MR,1998,,VAB,IDA,HIPC,,,2005,BPM4,Actual,General,,GDDS,2000,"MICS, 2007","IHS, 2000",,1984-1985,,2008,2000
MUS,Mauritius,Mauritius,Republic of Mauritius,MU,Mauritian rupee,National accounts now reflect fiscal year data rather than calendar year data. The new base year is 2006.,Sub-Saharan Africa,Upper middle income,,MU,2006,,VAB,IBRD,,,,2005,BPM5,Actual,General,Consolidated,GDDS,2000,,,Yes,,2003,2008,2003
MEX,Mexico,Mexico,United Mexican States,MX,Mexican peso,,Latin America & Caribbean,Upper middle income,,MX,2003,,VAB,IBRD,,1993,,2005,BPM5,Actual,General,Consolidated,SDDS,2005,"ENPF, 1995","LFS, 2008",,1991,1999,2008,2000
FSM,Micronesia,"Micronesia, Fed. Sts.",Federated States of Micronesia,FM,U.S. dollar,The government statistical office has revised national accounts data for 1995-2008.,East Asia & Pacific,Lower middle income,,FM,1998,,VAB,IBRD,,,,,,,,,,2000,,,,,,,
MEA,Middle East & North Africa (all income levels),Middle East & North Africa (all income levels),Middle East & North Africa (all income levels),,,Middle East and North Africa regional aggregate (including high-income economies).,,,,,,,,,,,,,,,,,,,,,,,,,
MNA,Middle East & North Africa (developing only),Middle East & North Africa,Middle East & North Africa (developing only),,,Middle East and North Africa regional aggregate (does not include high-income economies).,,,,,,,,,,,,,,,,,,,,,,,,,
MIC,Middle income,Middle income,Middle income,,,"Middle income group aggregate. Middle-income economies are those in which 2009 GNI per capita was between $996 and $12,195.",,,,,,,,,,,,,,,,,,,,,,,,,
MDA,Moldova,Moldova,Republic of Moldova,MD,Moldovan leu,,Europe & Central Asia,Lower middle income,,MD,,1996,VAB,IDA,,1993,1990-95,2005,BPM5,Actual,General,Consolidated,SDDS,2004,"DHS, 2005","ES/BS, 2007",Yes,,2004,2008,2000
MCO,Monaco,Monaco,Principality of Monaco,MC,Euro,,Europe & Central Asia,High income: nonOECD,,MC,,,,,,,,,,,,,,2008,,,,,,,
MNG,Mongolia,Mongolia,Mongolia,MN,Mongolian tugrik,,East Asia & Pacific,Lower middle income,,MN,2005,,VAB,IDA,,1993,,2005,BPM5,Estimate,Special,Consolidated,GDDS,2000,"MICS, 2005","LSMS, 2006-08",Yes,,1999,2007,2000
MNE,Montenegro,Montenegro,Montenegro,ME,Euro,"Montenegro declared independence from Serbia and Montenegro on June 3, 2006. Where available, data for each country are shown separately. However, for Serbia, some indicators continue to include data for Montenegro through 2005.",Europe & Central Asia,Upper middle income,,ME,2000,,VAB,IBRD,,1993,,2005,,Actual,,,,2003,"MICS, 2005/06",ES/BS 2007,Yes,,,,
MAR,Morocco,Morocco,Kingdom of Morocco,MA,Moroccan dirham,,Middle East & North Africa,Lower middle income,,MA,1998,,VAB,IBRD,,,,2005,BPM5,Actual,Special,Consolidated,SDDS,2004,"MICS, 2006","ES/BS, 2007",,1996,2005,2008,2000
MOZ,Mozambique,Mozambique,Republic of Mozambique,MZ,New Mozambican metical,,Sub-Saharan Africa,Low income,,MZ,2003,,VAB,IDA,HIPC,,1992-95,2005,BPM5,Actual,Special,,GDDS,2007,"DHS, 2003","ES/BS, 2002/03",,1999-2000,,2008,2000
MMR,Myanmar,Myanmar,Union of Myanmar,MM,Myanmar kyat,Fiscal year end: March 31; reporting period for national accounts data: FY.,East Asia & Pacific,Low income,,MM,1985/1986,,VAP,IDA,,,,,BPM5,Estimate,General,Consolidated,,1983,"MICS, 2000",,,2003,,2001,2000
NAM,Namibia,Namibia,Republic of Namibia,NA,Namibian dollar,Fiscal year end: March 31; reporting period for national accounts data: CY. The government has revised national accounts data since 2000. The new base year is 2004/05.,Sub-Saharan Africa,Upper middle income,,NA,2004/2005,,VAB,IBRD,,1993,,2005,BPM5,,General,Budgetary,GDDS,2001,"DHS, 2006/07","ES/BS, 1993/94",,1996-1997,,2008,2000
NPL,Nepal,Nepal,Nepal,NP,Nepalese rupee,Fiscal year end: July 14; reporting period for national accounts data: FY.,South Asia,Low income,,NP,2000/2001,,VAB,IDA,,,,2005,BPM5,Actual,Special,Consolidated,GDDS,2001,"DHS, 2006","LSMS, 2003/04",,2002,2001,2002,2000
NLD,Netherlands,Netherlands,Kingdom of the Netherlands,NL,Euro,"A simple multiplier is used to convert the national currencies of EMU members to euros. The following irrevocable euro conversion rate was adopted by the EU Council on January 1, 1999: 1 euro = 2.20371 Netherlands guilder. Please note that historical data before 1999 are not actual euros and are not comparable or suitable for aggregation across countries.",Europe & Central Asia,High income: OECD,,NL,,2000,VAB,,Euro area,1993,,2005,BPM5,,Special,Consolidated,SDDS,2001,,"IHS, 1999",Yes,1999-2000 (conducted annually),2004,2008,
NCL,New Caledonia,New Caledonia,New Caledonia,NC,CFP franc,,East Asia & Pacific,High income: nonOECD,,NC,,,,,,,,,,,Special,,,2009,,,Yes,,,2008,
NZL,New Zealand,New Zealand,New Zealand,NZ,New Zealand dollar,Fiscal year end: March 31; reporting period for national accounts data: FY.,East Asia & Pacific,High income: OECD,,NZ,2000/2001,,VAB,,,,,2005,BPM5,,General,Consolidated,,2006,,"IS, 1997",Yes,2002,2003,2008,2000
NIC,Nicaragua,Nicaragua,Republic of Nicaragua,NI,Nicaraguan gold cordoba,,Latin America & Caribbean,Lower middle income,,NI,1994,,VAB,IDA,HIPC,1993,1965-95,,BPM5,Actual,Special,Budgetary,GDDS,2005,"RHS, 2006/07","LSMS, 2005",,2001,,2007,2000
NER,Niger,Niger,Republic of Niger,NE,CFA franc,,Sub-Saharan Africa,Low income,,NE,1987,,VAP,IDA,HIPC,,1993,2005,BPM5,Preliminary,Special,,GDDS,2001,"DHS/MICS, 2006",QWIC/PS 2005,,1980,,2008,2000
NGA,Nigeria,Nigeria,Federal Republic of Nigeria,NG,Nigerian naira,,Sub-Saharan Africa,Lower middle income,,NG,2002,,VAB,IDA,,,1971-98,2005,BPM5,Preliminary,General,,GDDS,2006,"DHS, 2008","IHS, 2003-04",,1960,,2008,2000
NAC,North America,North America,North America,,,North America regional aggregate. There are no economies in North America classified as low or middle income.,,,,,,,,,,,,,,,,,,,,,,,,,
MNP,Northern Mariana Islands,Northern Mariana Islands,Commonwealth of the Northern Mariana Islands,MP,U.S. dollar,,East Asia & Pacific,High income: nonOECD,,MP,,,,,,,,,,,,,,2000,,,,,,,
NOR,Norway,Norway,Kingdom of Norway,NO,Norwegian krone,,Europe & Central Asia,High income: OECD,,NO,,2000,VAB,,,1993,,2005,BPM5,,General,Consolidated,SDDS,2001,,"IS, 2000",Yes,1999,2003,2008,2000
OMN,Oman,Oman,Sultanate of Oman,OM,Rial Omani,,Middle East & North Africa,High income: nonOECD,,OM,1988,,VAP,,,,,2005,BPM5,,General,Budgetary,GDDS,2003,"FHS, 1995",,,1978-1979,2005,2008,2003
PAK,Pakistan,Pakistan,Islamic Republic of Pakistan,PK,Pakistani rupee,Fiscal year end: June 30; reporting period for national accounts data: FY.,South Asia,Lower middle income,,PK,1999/2000,,VAB,Blend,,1993,,2005,BPM5,Actual,General,Consolidated,GDDS,1998,"DHS, 2006/07","LSMS, 2004/05",,2000,,2008,2000
PLW,Palau,Palau,Republic of Palau,PW,U.S. dollar,,East Asia & Pacific,Upper middle income,,PW,1995,,VAB,IBRD,,,,,,,,,,2005,,,Yes,,,,
PAN,Panama,Panama,Republic of Panama,PA,Panamanian balboa,,Latin America & Caribbean,Upper middle income,,PA,1996,,VAB,IBRD,,1993,,,BPM5,Actual,Special,Consolidated,GDDS,2000,"LSMS, 2003","LFS, 2006",,2001,2000,2008,2000
PNG,Papua New Guinea,Papua New Guinea,The Independent State of Papua New Guinea,PG,Papua New Guinea kina,,East Asia & Pacific,Lower middle income,,PG,1998,,VAB,Blend,,,1989,,BPM5,Actual,General,Budgetary,,2000,"DHS, 1996","IHS, 1996",,,,2004,2000
PRY,Paraguay,Paraguay,Republic of Paraguay,PY,Paraguayan guarani,,Latin America & Caribbean,Lower middle income,,PY,1994,,VAP,IBRD,,,,2005,BPM5,Actual,Special,Consolidated,GDDS,2002,"RHS, 2004","IHS, 2007",,1991,,2008,2000
PER,Peru,Peru,Republic of Peru,PE,Peruvian new sol,,Latin America & Caribbean,Upper middle income,,PE,1994,,VAB,IBRD,,,1985-90,2005,BPM5,Actual,Special,Consolidated,SDDS,2007,"DHS, 2007/08","LSMS, 2007",,1994,2006,2008,2000
PHL,Philippines,Philippines,Republic of the Philippines,PH,Philippine peso,,East Asia & Pacific,Lower middle income,,PH,1985,,VAP,IBRD,,,,2005,BPM5,Actual,General,Budgetary,SDDS,2007,"DHS, 2008","ES/BS, 2006",Yes,2002,2004,2008,2000
POL,Poland,Poland,Republic of Poland,PL,Polish zloty,,Europe & Central Asia,High income: OECD,,PL,,2002,VAB,IBRD,,1993,,2005,BPM5,Actual,Special,Consolidated,SDDS,2002,,"ES/BS, 2005",Yes,1996/2002,2004,2008,2000
PRT,Portugal,Portugal,Portuguese Republic,PT,Euro,"A simple multiplier is used to convert the national currencies of EMU members to euros. The following irrevocable euro conversion rate was adopted by the EU Council on January 1, 1999: 1 euro = 200.482 Portuguese escudo. Please note that historical data before 1999 are not actual euros and are not comparable or suitable for aggregation across countries.",Europe & Central Asia,High income: OECD,,PT,2000,,VAB,,Euro area,1993,,2005,BPM5,,Special,Consolidated,SDDS,2001,,"IS, 1997",Yes,1999,2004,2008,2000
PRI,Puerto Rico,Puerto Rico,Puerto Rico,PR,U.S. dollar,Fiscal year end: June 30; reporting period for national accounts data: FY.,Latin America & Caribbean,High income: nonOECD,,PR,1954,,VAP,,,,,,,,General,,,2000,"RHS, 1995/96",,Yes,1997/2002,,,
QAT,Qatar,Qatar,State of Qatar,QA,Qatari riyal,,Middle East & North Africa,High income: nonOECD,,QA,2001,,VAP,,,,,2005,,,General,Budgetary,GDDS,2004,,,Yes,2000-2001,2005,2008,2005
ROM,Romania,Romania,Romania,RO,New Romanian leu,,Europe & Central Asia,Upper middle income,,RO,,2005,VAB,IBRD,,1993,"1987-89, 1992",2005,BPM5,Actual,Special,Consolidated,SDDS,2002,"RHS, 1999","LFS, 2007",Yes,2002,2005,2008,2000
RUS,Russia,Russian Federation,Russian Federation,RU,Russian ruble,,Europe & Central Asia,Upper middle income,,RU,2000,,VAB,IBRD,,1993,1987-95,2005,BPM5,Preliminary,General,Consolidated,SDDS,2002,"RHS, 1996","IHS, 2007",Yes,1994-95,2005,2008,2000
RWA,Rwanda,Rwanda,Republic of Rwanda,RW,Rwandan franc,,Sub-Saharan Africa,Low income,,RW,1995,,VAP,IDA,HIPC,,1994,2005,BPM5,Estimate,General,Consolidated,GDDS,2002,"DHS, 2007/08","IHS, 2000",,1984,1998,2008,2000
WSM,Samoa,Samoa,Samoa,WS,Samoan tala,,East Asia & Pacific,Lower middle income,,WS,2002,,VAB,IDA,,,,,BPM5,Preliminary,General,,,2006,,,,1999,,2008,
SMR,San Marino,San Marino,Republic of San Marino,SM,Euro,,Europe & Central Asia,High income: nonOECD,,SM,1995,2000,VAB,,,1993,,,,,Special,Consolidated,GDDS,Register based,,,Yes,,,,
STP,São Tomé and Principe,São Tomé and Principe,Democratic Republic of São Tomé and Principe,ST,São Tomé and Principe dobra,,Sub-Saharan Africa,Lower middle income,,ST,2001,,VAP,IDA,HIPC,,,2005,,Preliminary,Special,,GDDS,2001,,PS 2000-01,,,,2008,
SAU,Saudi Arabia,Saudi Arabia,Kingdom of Saudi Arabia,SA,Saudi Arabian riyal,,Middle East & North Africa,High income: nonOECD,,SA,1999,,VAP,,,,,2005,BPM4,,General,,GDDS,2004,"Demographic survey, 2007",,,1999,2005,2007,2006
SEN,Senegal,Senegal,Republic of Senegal,SN,CFA franc,,Sub-Saharan Africa,Lower middle income,,SN,1999,1987,VAB,IDA,HIPC,1993,,2005,BPM5,Actual,Special,Budgetary,GDDS,2002,"DHS, 2005, MIS, 2008-09",PS 2005,,1998-1999,2001,2008,2002
SRB,Serbia,Serbia,Republic of Serbia,RS,Serbian dinar,"Montenegro declared independence from Serbia and Montenegro on June 3, 2006. Where available, data for each country are shown separately. However, for Serbia, some indicators, such as those series for which data appear only for Serbia and not Montenegro--e.g., aid, environment, external debt, balance of payments, various social indicators excluding population--continue to include data for Montenegro through 2005. Moreover, data from 1999 onward for Serbia for most indicators exclude data for Kosovo, 1999 being the year when Kosovo became a territory under international administration pursuant to UN Security Council Resolution 1244 (1999); any exceptions are noted. Kosovo became a World Bank member on June 29, 2009; available data are shown separately for Kosovo. The Statistical Bureau of Serbia has revised current and constant GDP for 1997-2006.",Europe & Central Asia,Upper middle income,,YF,,2002,VAB,IBRD,,1993,,2005,,Actual,Special,Consolidated,GDDS,2002,"MICS, 2005-06",,Yes,,,2008,
SYC,Seychelles,Seychelles,Republic of Seychelles,SC,Seychelles rupee,,Sub-Saharan Africa,Upper middle income,,SC,1986,,VAP,IBRD,,,,,BPM5,Actual,General,Consolidated,SDDS,2002,,,Yes,1998,,2008,2003
SLE,Sierra Leone,Sierra Leone,Republic of Sierra Leone,SL,Sierra Leonean leone,Fiscal year end: June 30; reporting period for national accounts data: CY.,Sub-Saharan Africa,Low income,,SL,1990,,VAB,IDA,HIPC,1993,,2005,BPM5,Preliminary,Special,Budgetary,GDDS,2004,DHS 2008,"IHS, 2003",,1984-1985,,2002,2000
SGP,Singapore,Singapore,Republic of Singapore,SG,Singapore dollar,Fiscal year end: March 31; reporting period for national accounts data: CY.,East Asia & Pacific,High income: nonOECD,,SG,2000,,VAB,,,1993,,2005,BPM5,,General,Consolidated,SDDS,2000,"General  household, 2005",,Yes,,2005,2008,
SVK,Slovak Republic,Slovak Republic,Slovak Republic,SK,Euro,"A simple multiplier is used to convert the national currencies of EMU members to euros. The following irrevocable euro conversion rate entered into force on January 1, 2009: 1 euro = 30.126 Slovak koruna. Please note that historical data are not actual euros and are not comparable or suitable for aggregation across countries.",Europe & Central Asia,High income: OECD,,SK,2000,1995,VAB,,Euro area,1993,,2005,BPM5,,General,Consolidated,SDDS,2001,,"IS, 1996",Yes,2001,2004,2008,
SVN,Slovenia,Slovenia,Republic of Slovenia,SI,Euro,"A simple multiplier is used to convert the national currencies of EMU members to euros. The following irrevocable euro conversion rate entered into force on January 1, 2007: 1 euro = 239.64 Slovenian tolar. Please note that historical data are not actual euros and are not comparable or suitable for aggregation across countries.",Europe & Central Asia,High income: OECD,,SI,,2000,VAB,,Euro area,1993,,2005,BPM5,,Special,Consolidated,SDDS,2002,,"ES/BS, 2004",Yes,2000,2005,2008,
SLB,Solomon Islands,Solomon Islands,Solomon Islands,SB,Solomon Islands dollar,,East Asia & Pacific,Low income,,SB,2004,,VAB,IDA,,,,,BPM5,Actual,,,,1999,,,,,,2007,
SOM,Somalia,Somalia,Somali Democratic Republic,SO,Somali shilling,,Sub-Saharan Africa,Low income,,SO,1985,,VAB,IDA,HIPC,,1977-90,,,Estimate,,,,1987,"MICS, 2006",,,,,1982,2003
ZAF,South Africa,South Africa,Republic of South Africa,ZA,South African rand,Fiscal year end: March 31; reporting period for national accounts data: CY.,Sub-Saharan Africa,Upper middle income,,ZA,2000,,VAB,IBRD,,1993,,2005,BPM5,Preliminary,General,Consolidated,SDDS,2001,"DHS, 2003","ES/BS, 2000",,2000,2005,2008,2000
SAS,South Asia,South Asia,South Asia,,,South Asia regional aggregate. There are no economies in South Asia classified as high income.,,,,,,,,,,,,,,,,,,,,,,,,,
ESP,Spain,Spain,Kingdom of Spain,ES,Euro,"A simple multiplier is used to convert the national currencies of EMU members to euros. The following irrevocable euro conversion rate was adopted by the EU Council on January 1, 1999: 1 euro = 166.386 Spanish peseta. Please note that historical data before 1999 are not actual euros and are not comparable or suitable for aggregation across countries.",Europe & Central Asia,High income: OECD,,ES,2000,,VAB,,Euro area,1993,,2005,BPM5,,Special,Consolidated,SDDS,2001,,"IHS, 2000",Yes,1999,2004,2008,2000
LKA,Sri Lanka,Sri Lanka,Democratic Socialist Republic of Sri Lanka,LK,Sri Lankan rupee,,South Asia,Lower middle income,,LK,2002,,VAP,IDA,,,,2005,BPM5,Actual,General,Budgetary,GDDS,2001,"DHS, 1987","ES/BS, 2002",Yes,2002,2005,2008,2000
KNA,St. Kitts and Nevis,St. Kitts and Nevis,St. Kitts and Nevis,KN,East Caribbean dollar,,Latin America & Caribbean,Upper middle income,,KN,1990,,VAB,IBRD,,1993,,,BPM5,Preliminary,General,Consolidated,GDDS,2001,,,,,,2007,
LCA,St. Lucia,St. Lucia,St. Lucia,LC,East Caribbean dollar,The government has revised national accounts data for 1998-2008.,Latin America & Caribbean,Upper middle income,,LC,1990,,VAB,Blend,,,,,BPM5,Actual,General,,GDDS,2001,,"IHS, 1995",Yes,,,2008,
VCT,St. Vincent and the Grenadines,St. Vincent and the Grenadines,St. Vincent and the Grenadines,VC,East Caribbean dollar,,Latin America & Caribbean,Upper middle income,,VC,1990,,VAB,Blend,,,,,BPM5,Preliminary,General,Consolidated,GDDS,2001,,,Yes,,,2008,
SSF,Sub-Saharan Africa (all income levels),Sub-Saharan Africa (all income levels),Sub-Saharan Africa (all income levels),,,Sub-Saharan Africa regional aggregate (including high-income economies).,,,,,,,,,,,,,,,,,,,,,,,,,
SSA,Sub-Saharan Africa (developing only),Sub-Saharan Africa,Sub-Saharan Africa (developing only),,,Sub-Saharan Africa regional aggregate (does not include high-income economies).,,,,,,,,,,,,,,,,,,,,,,,,,
SDN,Sudan,Sudan,Republic of the Sudan,SD,Sudanese pound,,Sub-Saharan Africa,Lower middle income,,SD,1981/82 (Reporting period switch from fiscal year to calendar year from 1996. Pre-1996 data converted to calendar year.),1996,VAB,IDA,HIPC,,,2005,BPM5,Actual,General,Budgetary,GDDS,2008,MICS-PAPFAM 2006,,,,2000,2008,2000
SUR,Suriname,Suriname,Republic of Suriname,SR,Suriname dollar,,Latin America & Caribbean,Upper middle income,,SR,1990,,VAB,IBRD,,1993,,,BPM5,,General,,GDDS,2004,"MICS, 2000","ES/BS, 1999",Yes,,,2008,2000
SWZ,Swaziland,Swaziland,Kingdom of Swaziland,SZ,Swaziland lilangeni,Fiscal year end: March 31; reporting period for national accounts data: CY.,Sub-Saharan Africa,Lower middle income,,SZ,2000,,VAB,IBRD,,,,2005,,Preliminary,General,Consolidated,GDDS,2007,"DHS, 2006/07","ES/BS, 2000/01",,2003,,2007,2000
SWE,Sweden,Sweden,Kingdom of Sweden,SE,Swedish krona,Fiscal year end: June 30; reporting period for national accounts data: CY.,Europe & Central Asia,High income: OECD,,SE,,2000,VAB,,,,,2005,BPM5,,General,Consolidated,SDDS,Register based,,"IS, 2000",Yes,1999-2000,2004,2008,2000
CHE,Switzerland,Switzerland,Switzerland,CH,Swiss franc,,Europe & Central Asia,High income: OECD,,CH,2000,,VAB,,,,,2005,BPM5,,Special,Consolidated,SDDS,2000,,"ES/BS, 2000",Yes,2000,,2008,2000
SYR,Syrian Arab Republic,Syrian Arab Republic,Syrian Arab Republic,SY,Syrian pound,,Middle East & North Africa,Lower middle income,,SY,2000,,VAB,IBRD,,,1970-08,2005,BPM5,,Special,Consolidated,GDDS,2004,"MICS, 2006",,,1981,,2007,2003
TJK,Tajikistan,Tajikistan,Republic of Tajikistan,TJ,Tajik somoni,,Europe & Central Asia,Low income,,TJ,,2000,VAB,IDA,,1993,1990-95,2005,BPM5,Preliminary,General,Consolidated,GDDS,2000,"MICS, 2005","LSMS, 2004",,1994,,2000,2000
TZA,Tanzania,Tanzania,United Republic of Tanzania,TZ,Tanzanian shilling,,Sub-Saharan Africa,Low income,,TZ,1992,,VAB,IDA,HIPC,,,2005,BPM5,Actual,Special,,GDDS,2002,"DHS, 2004/05, AIS, 2007/08","ES/BS, 2000/01",,2002-2003,,2007,2002
THA,Thailand,Thailand,Kingdom of Thailand,TH,Thai baht,Fiscal year end: September 30; reporting period for national accounts data: CY.,East Asia & Pacific,Lower middle income,,TH,1988,,VAP,IBRD,,,,2005,BPM5,Estimate,General,Consolidated,SDDS,2000,MICS 2005/06,"IHS, 2004",,2003,1999,2008,2000
BHS,The Bahamas,"Bahamas, The",Commonwealth of The Bahamas,BS,Bahamian dollar,The government has revised national accounts data for 1997-2007. The new base year is 2006.,Latin America & Caribbean,High income: nonOECD,,BS,2006,,VAB,,,1993,,,BPM5,,General,Budgetary,GDDS,2000,,,,,1997,2008,
GMB,The Gambia,"Gambia, The",Republic of The Gambia,GM,Gambian dalasi,Fiscal year end: June 30; reporting period for national accounts data: CY.,Sub-Saharan Africa,Low income,,GM,1987,,VAB,IDA,HIPC,,,2005,BPM5,Estimate,General,Consolidated,GDDS,2003,"MICS, 2005/06","IHS, 2003",,2001-2002,,2008,2000
TMP,Timor-Leste,Timor-Leste,Democratic Republic of Timor-Leste,TL,U.S. dollar,,East Asia & Pacific,Lower middle income,,TP,2000,,VAP,IDA,,,,,,,,,,2004,"DGHS, 2003","LSMS, 2007",,,,2005,
TGO,Togo,Togo,Republic of Togo,TG,CFA franc,,Sub-Saharan Africa,Low income,,TG,1978,,VAP,IDA,HIPC,,,2005,BPM5,Actual,Special,Budgetary,GDDS,1981,"MICS, 2006","CWIQ, 2006",,1996,,2007,2002
TON,Tonga,Tonga,Kingdom of Tonga,TO,Tongan pa'anga,,East Asia & Pacific,Lower middle income,,TO,2000/2001,,VAB,IDA,,,,,BPM5,Actual,,,GDDS,2006,,,Yes,2001,,2007,
TTO,Trinidad and Tobago,Trinidad and Tobago,Republic of Trinidad and Tobago,TT,Trinidad and Tobago dollar,,Latin America & Caribbean,High income: nonOECD,,TT,2000,,VAB,IBRD,,1993,,,BPM5,,Special,Consolidated,GDDS,2000,"MICS, 2006","IHS, 1992",Yes,2004,2005,2008,2000
TUN,Tunisia,Tunisia,Republic of Tunisia,TN,Tunisian dinar,,Middle East & North Africa,Lower middle income,,TN,1990,,VAP,IBRD,,,,2005,BPM5,Actual,General,Consolidated,SDDS,2004,"MICS, 2006","IHS, 2000",,2004,,2008,2000
TUR,Turkey,Turkey,Republic of Turkey,TR,New Turkish lira,,Europe & Central Asia,Upper middle income,,TR,1998,,VAB,IBRD,,,,2005,BPM5,Actual,Special,Budgetary,SDDS,2000,"DHS, 2003","LFS, 2006",,2001,2000,2008,2003
TKM,Turkmenistan,Turkmenistan,Turkmenistan,TM,New Turkmen manat,"On January 1, 2009, the Turkmen manat was redenominated (1 new manat = 5,000 old manats).",Europe & Central Asia,Lower middle income,,TM,,2007,VAB,IBRD,,1993,"1987-95, 1997-07",,BPM5,Estimate,General,,,1995,"MICS,2006","LSMS, 1998",Yes,,,2000,2000
TCA,Turks and Caicos Islands,Turks and Caicos Islands,Turks and Caicos Islands,TC,U.S. dollar,,Latin America & Caribbean,High income: nonOECD,,TC,,,,,,,,,,,,,,,,,,,,,
TUV,Tuvalu,Tuvalu,Tuvalu,TV,Australian dollar,,East Asia & Pacific,Lower middle income,,TV,,,,,,,,,,,,,,,,,,,,,
UGA,Uganda,Uganda,Republic of Uganda,UG,Ugandan shilling,Fiscal year end: June 30; reporting period for national accounts data: FY.,Sub-Saharan Africa,Low income,,UG,2001/2002,,VAB,IDA,HIPC,,,2005,BPM5,Actual,General,Budgetary,GDDS,2002,"DHS, 2006, SPA, 2007","PS, 2005",,1991,2001,2008,
UKR,Ukraine,Ukraine,Ukraine,UA,Ukrainian hryvnia,,Europe & Central Asia,Lower middle income,,UA,,2003,VAB,IBRD,,1993,1987-95,2005,BPM5,Actual,General,Consolidated,SDDS,2001,"DHS, 2007","ES/BS, 2008",Yes,,,2008,2000
ARE,United Arab Emirates,United Arab Emirates,United Arab Emirates,AE,U.A.E. dirham,,Middle East & North Africa,High income: nonOECD,,AE,1995,,VAB,,,,,,BPM4,,General,Consolidated,GDDS,2005,,,,1998,,2008,2005
GBR,United Kingdom,United Kingdom,United Kingdom of Great Britain and Northern Ireland,GB,Pound sterling,,Europe & Central Asia,High income: OECD,,GB,2000,,VAB,,,1993,,2005,BPM5,,General,Consolidated,SDDS,2001,,"IS, 1999",Yes,1999-2000 (conducted annually),2004,2008,2000
USA,United States,United States,United States of America,US,U.S. dollar,Fiscal year end: September 30; reporting period for national accounts data: CY.,North America,High income: OECD,,US,,2000,VAB,,,,,2005,BPM5,,General,Consolidated,SDDS,2000,CPS (monthly),LFS 2000,Yes,1997/2002,2004,2008,2000
UMC,Upper middle income,Upper middle income,Upper middle income,,,"Upper middle income group aggregate. Upper-middle-income economies are those in which 2009 GNI per capita was between $3,946 and $12,195.",,,,,,,,,,,,,,,,,,,,,,,,,
URY,Uruguay,Uruguay,Oriental Republic of Uruguay,UY,Uruguayan peso,The government has revised national accounts data for 1997-2008. The new base year is 2005.,Latin America & Caribbean,Upper middle income,,UY,2005,,VAB,IBRD,,,,2005,BPM5,Actual,Special,Consolidated,SDDS,2004,,"IHS, 2007",Yes,2000,2004,2008,2000
UZB,Uzbekistan,Uzbekistan,Republic of Uzbekistan,UZ,Uzbek sum,,Europe & Central Asia,Lower middle income,,UZ,,1997,VAB,Blend,,1993,1990-95,,BPM5,Actual,General,,,1989,"MICS, 2006","ES/BS, 2003",Yes,,,,2000
VUT,Vanuatu,Vanuatu,Republic of Vanuatu,VU,Vanuatu vatu,,East Asia & Pacific,Lower middle income,,VU,1983,,VAP,IDA,,,,,BPM5,Estimate,,Consolidated,GDDS,2009,,,,,,2007,
VEN,Venezuela,"Venezuela, RB",República Bolivariana de Venezuela,VE,Venezuelan bolivar fuerte,,Latin America & Caribbean,Upper middle income,,VE,1997,,VAB,IBRD,,,,2005,BPM5,Actual,General,Consolidated,GDDS,2001,"MICS, 2000","IHS, 2003",Yes,1997,,2008,
VNM,Vietnam,Vietnam,Socialist Republic of Vietnam,VN,Vietnamese dong,,East Asia & Pacific,Lower middle income,,VN,1994,,VAP,Blend,,1993,1991,2005,BPM4,Estimate,General,Consolidated,GDDS,2009,"MICS, 2006","IHS, 2006",,2001,1999,2008,2000
VIR,Virgin Islands,Virgin Islands (U.S.),Virgin Islands of the United States,VI,U.S. dollar,,Latin America & Caribbean,High income: nonOECD,,VI,1982,,,,,,,,,,General,,,2000,,,Yes,,,,
WBG,West Bank and Gaza,West Bank and Gaza,West Bank and Gaza,PS,Israeli new shekel,,Middle East & North Africa,Lower middle income,,GZ,1997,,VAB,,,,,,,,,Budgetary,GDDS,2007,"PAPFAM, 2006",,,1971,,,
WLD,World,World,World,,,World aggregate.,,,,,,,,,,,,,,,,,,,,,,,,,
YEM,Yemen,"Yemen, Rep.",Republic of Yemen,YE,Yemeni rial,,Middle East & North Africa,Lower middle income,,RY,1990,,VAP,IDA,,,1990-96,2005,BPM5,Actual,General,Budgetary,GDDS,2004,"MICS, 2006","ES/BS, 2005",,2002,2005,2008,2000
ZMB,Zambia,Zambia,Republic of Zambia,ZM,Zambian kwacha,,Sub-Saharan Africa,Low income,,ZM,1994,,VAB,IDA,HIPC,,1990-92,2005,BPM5,Preliminary,General,Budgetary,GDDS,2000,"DHS, 2007","IHS, 2004-05",,1990,,2008,2000
ZWE,Zimbabwe,Zimbabwe,Republic of Zimbabwe,ZW,Zimbabwe dollar,Fiscal year end: June 30; reporting period for national accounts data: CY.,Sub-Saharan Africa,Low income,,ZW,1990,,VAB,Blend,,,"1991, 1998",2005,BPM5,Actual,General,Consolidated,GDDS,2002,"DHS, 2005/06",,,1960,1995,2008,2002
